h3_id,listing_count,median_price,mean_price,min_price,max_price,accommodates_mean,accommodates_median,bedrooms_mean,bedrooms_median,beds_mean,beds_median,bathrooms_mean,bathrooms_median,distance_to_center_km_mean,distance_to_center_km_median
881f058339fffff,594,1223.0,1306.0016835016836,314.0,2750.0,3.1026936026936025,2.5,1.4764309764309764,1.0,1.6952861952861953,1.0,1.0311447811447811,1.0,1.301919191919192,1.34
881f058351fffff,501,1035.0,1113.9900199600797,270.0,2728.0,2.8942115768463075,2.0,1.334,1.0,1.5249500998003993,1.0,1.0159680638722555,1.0,2.624610778443114,2.64
881f05833dfffff,436,1201.5,1276.2591743119267,323.0,2805.0,3.31651376146789,3.0,1.5711009174311927,1.0,1.7775229357798166,2.0,1.0951834862385321,1.0,2.003922018348624,2.01
881f058331fffff,399,1170.0,1243.814536340852,360.0,2800.0,2.9649122807017543,2.0,1.380952380952381,1.0,1.5714285714285714,1.0,1.0314070351758795,1.0,1.5220300751879698,1.53
881f058357fffff,390,1201.5,1265.876923076923,345.0,2726.0,2.9743589743589745,2.0,1.4153846153846155,1.0,1.5307692307692307,1.0,1.028205128205128,1.0,1.7776153846153846,1.77
881f058355fffff,377,1085.0,1175.4641909814325,246.0,2550.0,3.042440318302387,2.0,1.4350132625994696,1.0,1.5782493368700266,1.0,1.0490716180371353,1.0,2.43946949602122,2.41
881f058229fffff,374,1140.0,1235.8475935828876,495.0,2790.0,2.770053475935829,2.0,1.3823529411764706,1.0,1.4438502673796791,1.0,1.0240641711229947,1.0,3.472139037433155,3.47
881f05835dfffff,366,959.0,1070.4890710382513,299.0,2800.0,2.9644808743169397,2.0,1.349726775956284,1.0,1.5273224043715847,1.0,1.0314207650273224,1.0,3.111612021857923,3.09
881f058311fffff,318,1595.5,1616.7924528301887,343.0,2783.0,3.5786163522012577,3.5,1.5817610062893082,1.0,1.9937106918238994,2.0,1.0927672955974843,1.0,0.7033647798742138,0.75
881f05831dfffff,280,1278.0,1359.817857142857,411.0,2791.0,3.1607142857142856,3.0,1.5535714285714286,1.0,1.6928571428571428,1.0,1.0517857142857143,1.0,1.094607142857143,1.2
881f058319fffff,271,1425.0,1497.2730627306273,136.0,2790.0,3.4354243542435423,3.0,1.6678966789667897,1.0,1.944649446494465,2.0,1.0590405904059041,1.0,1.4745756457564576,1.51
881f058221fffff,271,1260.0,1348.719557195572,374.0,2700.0,3.206642066420664,3.0,1.6125461254612545,1.0,1.7453874538745386,1.0,1.0461254612546125,1.0,2.8490036900369007,2.85
881f058063fffff,248,965.0,1048.2983870967741,300.0,2684.0,2.6693548387096775,2.0,1.2540322580645162,1.0,1.3790322580645162,1.0,1.0181451612903225,1.0,2.6126612903225808,2.65
881f058309fffff,245,1086.0,1163.330612244898,288.0,2625.0,2.9224489795918367,2.0,1.3265306122448979,1.0,1.489795918367347,1.0,1.0346938775510204,1.0,2.5475102040816324,2.56
881f058313fffff,234,1691.5,1711.8418803418804,192.0,2800.0,3.747863247863248,4.0,1.5299145299145298,1.0,2.076923076923077,2.0,1.0341880341880343,1.0,1.1532478632478633,1.16
881f0591b7fffff,231,900.0,993.2467532467532,184.0,2700.0,2.948051948051948,2.0,1.3636363636363635,1.0,1.4869565217391305,1.0,1.0411255411255411,1.0,3.9167099567099566,3.95
881f05830bfffff,222,1100.0,1169.873873873874,392.0,2670.0,3.0135135135135136,2.0,1.382882882882883,1.0,1.545045045045045,1.0,1.0382882882882882,1.0,1.8396846846846848,1.8450000000000002
881f058359fffff,211,930.0,1005.0995260663507,305.0,2269.0,2.772511848341232,2.0,1.2748815165876777,1.0,1.5213270142180095,1.0,1.0308056872037914,1.0,3.1935545023696683,3.17
881f058317fffff,196,1609.0,1622.1479591836735,224.0,2800.0,3.836734693877551,4.0,1.6224489795918366,1.0,2.188775510204082,2.0,0.9795918367346939,1.0,0.42928571428571427,0.44
881f058005fffff,187,987.0,1093.524064171123,236.0,2700.0,2.9732620320855614,2.0,1.3796791443850267,1.0,1.5668449197860963,1.0,1.03475935828877,1.0,3.333743315508021,3.28
881f05806dfffff,180,1298.5,1363.8222222222223,225.0,2700.0,3.161111111111111,3.0,1.4111111111111112,1.0,1.7055555555555555,1.0,1.0888888888888888,1.0,1.2208333333333334,1.27
881f058029fffff,174,951.5,1065.6896551724137,265.0,2803.0,3.0977011494252875,2.0,1.4885057471264367,1.0,1.6954022988505748,1.0,1.043103448275862,1.0,3.1397701149425292,3.15
881f058307fffff,169,1300.0,1408.2721893491125,465.0,2708.0,3.331360946745562,3.0,1.5680473372781065,1.0,1.8579881656804733,2.0,1.0650887573964498,1.0,1.8911834319526628,1.87
881f05833bfffff,163,1287.0,1379.6748466257668,417.0,2800.0,2.9938650306748467,2.0,1.392638036809816,1.0,1.5766871165644172,1.0,1.0429447852760736,1.0,0.7623926380368098,0.75
881f058303fffff,154,1326.5,1374.3506493506493,295.0,2722.0,3.2987012987012987,3.0,1.6103896103896105,1.0,1.7987012987012987,1.5,1.0487012987012987,1.0,1.2855844155844156,1.29
881f058265fffff,154,1047.5,1152.6038961038962,270.0,2600.0,3.188311688311688,2.5,1.4935064935064934,1.0,1.7597402597402598,1.0,1.1045751633986929,1.0,3.7186363636363633,3.725
881f05831bfffff,140,1437.5,1499.9071428571428,175.0,2752.0,2.914285714285714,2.0,1.3357142857142856,1.0,1.55,1.0,1.0214285714285714,1.0,1.5418571428571428,1.53
881f058225fffff,139,1400.0,1526.3597122302158,361.0,2800.0,3.402877697841727,3.0,1.7266187050359711,1.0,1.985611510791367,2.0,1.0935251798561152,1.0,2.082661870503597,2.1
881f058069fffff,138,1500.0,1514.876811594203,360.0,2715.0,3.0434782608695654,2.0,1.4855072463768115,1.0,1.6594202898550725,1.0,1.0144927536231885,1.0,1.4566666666666668,1.47
881f05834bfffff,130,906.0,999.6846153846154,336.0,2700.0,3.076923076923077,3.0,1.4,1.0,1.5307692307692307,1.0,1.0384615384615385,1.0,3.860076923076923,3.88
881f058065fffff,128,1178.5,1248.5546875,450.0,2678.0,3.234375,3.0,1.5859375,1.0,1.8515625,2.0,1.11328125,1.0,1.619140625,1.57
881f058301fffff,128,1169.5,1301.921875,454.0,2670.0,3.1953125,3.0,1.5625,1.0,1.828125,1.0,1.03515625,1.0,2.163125,2.17
881f058143fffff,126,1350.0,1372.7777777777778,450.0,2700.0,3.7142857142857144,4.0,1.8174603174603174,2.0,2.142857142857143,2.0,1.0833333333333333,1.0,3.4962698412698416,3.505
881f05804dfffff,123,1485.0,1588.5447154471544,500.0,2742.0,3.430894308943089,3.0,1.5772357723577235,1.0,1.934959349593496,2.0,1.0609756097560976,1.0,1.7946341463414635,1.77
881f058061fffff,119,1313.0,1334.2016806722688,396.0,2752.0,3.19327731092437,3.0,1.5714285714285714,1.0,1.7627118644067796,1.0,1.0336134453781514,1.0,1.9094117647058824,2.01
881f05822dfffff,119,1300.0,1428.4621848739496,457.0,2629.0,3.411764705882353,3.0,1.7647058823529411,2.0,2.008403361344538,2.0,1.0756302521008403,1.0,2.8141176470588234,2.84
881f05811dfffff,114,1133.5,1270.8333333333333,386.0,2742.0,3.473684210526316,3.0,1.780701754385965,2.0,1.9473684210526316,2.0,1.0789473684210527,1.0,4.613859649122807,4.61
881f058261fffff,113,908.0,1085.8849557522124,450.0,2580.0,2.920353982300885,2.0,1.3628318584070795,1.0,1.5132743362831858,1.0,1.0265486725663717,1.0,4.089469026548673,4.04
881f058045fffff,104,1348.0,1513.2211538461538,441.0,2771.0,3.0288461538461537,2.0,1.3942307692307692,1.0,1.6442307692307692,1.0,1.0625,1.0,1.7724038461538463,1.835
881f058343fffff,103,1000.0,1094.1359223300972,389.0,2600.0,3.0194174757281553,2.0,1.4466019417475728,1.0,1.6601941747572815,1.0,1.0980392156862746,1.0,3.0425242718446603,2.98
881f058267fffff,103,980.0,1173.7087378640776,284.0,2692.0,3.1650485436893203,3.0,1.4757281553398058,1.0,1.6213592233009708,1.0,1.029126213592233,1.0,3.656019417475728,3.67
881f058021fffff,102,977.5,1061.5196078431372,240.0,2745.0,3.1862745098039214,2.0,1.4901960784313726,1.0,1.7941176470588236,1.0,1.1225490196078431,1.0,3.828921568627451,3.815
881f05802bfffff,101,1099.0,1280.950495049505,265.0,2700.0,4.02970297029703,4.0,1.9702970297029703,1.0,2.504950495049505,2.0,1.202970297029703,1.0,3.915742574257426,3.9
881f05814bfffff,96,1142.0,1247.8958333333333,489.0,2520.0,3.1145833333333335,3.0,1.4270833333333333,1.0,1.7894736842105263,2.0,1.03125,1.0,2.9752083333333332,3.02
881f05832bfffff,93,1300.0,1348.1290322580646,434.0,2700.0,3.6881720430107525,4.0,1.89247311827957,2.0,2.10752688172043,2.0,1.2634408602150538,1.0,2.6159139784946235,2.55
881f05830dfffff,84,1234.0,1321.5714285714287,376.0,2700.0,3.0833333333333335,2.5,1.4819277108433735,1.0,1.5714285714285714,1.0,1.0238095238095237,1.0,3.0109523809523813,2.93
881f058159fffff,83,1810.0,1779.566265060241,782.0,2790.0,4.048192771084337,4.0,2.0481927710843375,2.0,2.4096385542168677,2.0,1.2530120481927711,1.0,2.146987951807229,2.18
881f058321fffff,82,900.0,985.9756097560976,400.0,2712.0,3.1951219512195124,3.0,1.475609756097561,1.0,1.5975609756097562,1.0,1.0182926829268293,1.0,3.53,3.51
881f058353fffff,81,1181.0,1265.283950617284,536.0,2258.0,3.037037037037037,2.0,1.2962962962962963,1.0,1.5925925925925926,1.0,1.0,1.0,1.9535802469135803,1.95
881f058023fffff,78,1117.5,1278.2820512820513,425.0,2650.0,4.064102564102564,4.0,1.935897435897436,2.0,2.423076923076923,2.0,1.25,1.0,4.488717948717949,4.485
881f058067fffff,74,1040.5,1166.027027027027,450.0,2466.0,2.8513513513513513,2.0,1.3783783783783783,1.0,1.635135135135135,1.0,1.027027027027027,1.0,2.4529729729729732,2.42
881f058329fffff,72,960.0,1124.1666666666667,315.0,2610.0,3.0555555555555554,3.0,1.4305555555555556,1.0,1.5694444444444444,1.0,1.0486111111111112,1.0,3.525833333333333,3.44
881f058337fffff,66,1429.0,1528.0454545454545,495.0,2700.0,3.5454545454545454,3.0,1.696969696969697,1.0,1.9545454545454546,2.0,1.1666666666666667,1.0,2.133181818181818,2.1
881f05822bfffff,64,1434.5,1540.9375,541.0,2800.0,3.546875,4.0,1.765625,2.0,2.125,2.0,1.1328125,1.0,3.81015625,3.89
881f058325fffff,60,967.5,996.3833333333333,272.0,2234.0,3.1333333333333333,3.0,1.4833333333333334,1.0,1.8333333333333333,1.0,1.1916666666666667,1.0,4.428,4.45
881f058315fffff,58,1624.5,1709.7586206896551,657.0,2755.0,3.9655172413793105,4.0,1.7241379310344827,1.0,2.2758620689655173,2.0,1.103448275862069,1.0,0.6263793103448275,0.64
881f058369fffff,58,810.5,915.948275862069,249.0,1815.0,2.9827586206896552,2.0,1.396551724137931,1.0,1.6551724137931034,1.0,1.0689655172413792,1.0,4.932413793103448,4.96
881f058363fffff,56,1223.0,1327.142857142857,355.0,2800.0,3.642857142857143,4.0,1.7857142857142858,1.0,1.9464285714285714,2.0,1.1875,1.0,3.6026785714285716,3.565
881f058263fffff,55,1170.0,1338.1090909090908,680.0,2739.0,3.618181818181818,3.0,1.690909090909091,1.0,1.8363636363636364,1.0,1.1181818181818182,1.0,4.062,4.09
881f058333fffff,54,1474.5,1522.1851851851852,711.0,2552.0,3.5,4.0,1.6111111111111112,1.5,1.9814814814814814,2.0,1.1203703703703705,1.0,1.6546296296296295,1.68
881f05806bfffff,54,1230.0,1331.3333333333333,675.0,2429.0,2.888888888888889,2.0,1.4074074074074074,1.0,1.537037037037037,1.0,0.9907407407407407,1.0,1.835,1.84
881f05814dfffff,54,795.0,837.2222222222222,296.0,1865.0,2.7222222222222223,2.0,1.1851851851851851,1.0,1.3518518518518519,1.0,1.0,1.0,4.014074074074074,3.96
881f058007fffff,52,1506.0,1468.4615384615386,360.0,2800.0,3.769230769230769,4.0,1.6538461538461537,2.0,2.1153846153846154,2.0,1.1153846153846154,1.0,4.156730769230769,4.205
881f058365fffff,52,825.5,923.0769230769231,308.0,2500.0,3.25,3.0,1.5,1.0,1.8076923076923077,1.0,1.0769230769230769,1.0,5.111730769230769,5.08
881f058205fffff,51,1391.0,1453.8431372549019,743.0,2400.0,3.5294117647058822,4.0,1.7647058823529411,2.0,1.8823529411764706,2.0,1.1274509803921569,1.0,4.105686274509804,4.08
881f05836bfffff,50,982.5,1104.58,500.0,2182.0,3.14,2.5,1.54,1.0,1.58,1.0,1.02,1.0,3.8594,3.825
881f0591b5fffff,45,710.0,817.4888888888889,315.0,2250.0,2.6444444444444444,2.0,1.2666666666666666,1.0,1.3777777777777778,1.0,1.0444444444444445,1.0,4.430444444444444,4.32
881f05832dfffff,44,900.0,1025.7727272727273,297.0,2400.0,3.7954545454545454,4.0,1.9545454545454546,2.0,2.1363636363636362,2.0,1.1818181818181819,1.0,4.238409090909091,4.205
881f058341fffff,43,1179.0,1259.5813953488373,269.0,2664.0,4.27906976744186,4.0,2.116279069767442,2.0,2.4186046511627906,2.0,1.255813953488372,1.0,4.003023255813954,4.06
881f058119fffff,42,1019.0,1111.5714285714287,383.0,2400.0,4.0,4.0,2.0,2.0,2.5476190476190474,2.0,1.2619047619047619,1.0,4.102857142857142,4.029999999999999
881f058027fffff,42,932.5,972.6666666666666,240.0,2302.0,3.357142857142857,3.0,1.5714285714285714,1.0,1.7857142857142858,1.0,1.0476190476190477,1.0,4.538809523809523,4.555
881f058141fffff,41,975.0,1022.7560975609756,280.0,2150.0,3.268292682926829,3.0,1.6341463414634145,1.0,1.7317073170731707,1.0,1.1097560975609757,1.0,3.7758536585365854,3.78
881f05834dfffff,41,900.0,1041.658536585366,465.0,2600.0,3.926829268292683,4.0,1.8780487804878048,1.0,2.1951219512195124,2.0,1.2560975609756098,1.0,4.819512195121951,4.82
881f05815dfffff,40,1129.5,1234.5,388.0,2543.0,3.725,4.0,1.9,2.0,2.05,2.0,1.1,1.0,2.75725,2.785
881f0591b1fffff,40,754.0,840.4,362.0,2070.0,2.65,2.0,1.15,1.0,1.3333333333333333,1.0,1.0375,1.0,4.4725,4.45
881f05802dfffff,38,888.0,968.0526315789474,400.0,2533.0,3.236842105263158,3.0,1.2894736842105263,1.0,1.631578947368421,1.0,1.105263157894737,1.0,3.1657894736842103,3.205
881f058149fffff,37,900.0,896.9459459459459,390.0,1400.0,2.4594594594594597,2.0,1.027027027027027,1.0,1.3783783783783783,1.0,0.972972972972973,1.0,3.1432432432432433,3.09
881f0591a3fffff,36,1006.5,1147.7222222222222,410.0,2510.0,4.166666666666667,4.0,2.111111111111111,2.0,2.5,2.0,1.1666666666666667,1.0,5.220555555555555,5.24
881f058367fffff,36,845.5,875.0555555555555,400.0,1600.0,3.138888888888889,3.0,1.4722222222222223,1.0,1.5555555555555556,1.0,1.0138888888888888,1.0,4.345833333333333,4.365
881f058041fffff,35,1536.0,1572.4285714285713,495.0,2520.0,4.6,4.0,2.4857142857142858,3.0,2.6285714285714286,3.0,1.3571428571428572,1.5,3.042,3.06
881f058347fffff,35,939.0,1099.1142857142856,484.0,2000.0,3.1714285714285713,2.0,1.5714285714285714,1.0,1.7714285714285714,1.0,1.1,1.0,3.498285714285714,3.48
881f0591a5fffff,35,748.0,874.6285714285714,230.0,1900.0,4.114285714285714,4.0,2.4,3.0,2.7142857142857144,2.0,1.3142857142857143,1.0,6.233714285714286,6.31
881f058025fffff,34,1165.5,1268.9411764705883,515.0,2510.0,4.588235294117647,4.0,2.4411764705882355,2.5,2.5,2.5,1.2352941176470589,1.0,3.88735294117647,3.84
881f058139fffff,34,983.0,1077.764705882353,360.0,2210.0,3.7058823529411766,4.0,1.8235294117647058,2.0,2.235294117647059,2.0,1.2058823529411764,1.0,5.940294117647059,5.895
881f058001fffff,33,1305.0,1385.5151515151515,450.0,2356.0,4.090909090909091,4.0,1.7272727272727273,2.0,2.242424242424242,2.0,1.0303030303030303,1.0,3.754848484848485,3.75
881f05803dfffff,32,1723.0,1668.90625,650.0,2800.0,4.84375,5.0,2.46875,2.5,2.875,3.0,1.484375,1.5,4.6271875,4.62
881f0591a7fffff,30,1083.0,1173.7333333333333,411.0,2790.0,4.033333333333333,4.0,1.9,2.0,2.4,2.0,1.2,1.0,5.375333333333333,5.375
881f059a93fffff,30,836.0,1033.2666666666667,300.0,2800.0,3.7666666666666666,3.0,1.8,1.0,2.1666666666666665,2.0,1.0833333333333333,1.0,5.179666666666666,5.17
881f058103fffff,30,504.0,821.4333333333333,400.0,2400.0,2.033333333333333,1.0,1.1666666666666667,1.0,1.2333333333333334,1.0,0.9833333333333333,1.0,4.941999999999999,4.93
881f05813dfffff,29,1000.0,1020.8275862068965,258.0,1700.0,3.3793103448275863,4.0,1.6896551724137931,2.0,1.8620689655172413,2.0,1.0689655172413792,1.0,6.4558620689655175,6.41
881f058153fffff,28,1574.5,1601.5714285714287,720.0,2550.0,5.035714285714286,5.0,2.75,3.0,3.0714285714285716,3.0,1.2857142857142858,1.0,3.511071428571429,3.5949999999999998
881f059a9bfffff,28,1117.5,1109.392857142857,592.0,2012.0,4.678571428571429,4.0,2.4642857142857144,2.0,2.6785714285714284,2.5,1.2321428571428572,1.0,5.654285714285714,5.695
881f058035fffff,27,1179.0,1366.5185185185185,554.0,2731.0,4.592592592592593,5.0,2.111111111111111,2.0,2.3703703703703702,2.0,1.2962962962962963,1.0,5.106296296296296,5.06
881f05800dfffff,27,920.0,1039.6296296296296,600.0,2761.0,3.037037037037037,2.0,1.4444444444444444,1.0,1.6666666666666667,1.0,1.0185185185185186,1.0,3.065925925925926,3.1
881f058335fffff,26,919.5,910.2692307692307,298.0,1809.0,2.5,2.0,1.1538461538461537,1.0,1.2307692307692308,1.0,1.0192307692307692,1.0,2.6584615384615384,2.7649999999999997
881f05836dfffff,26,900.0,924.4230769230769,230.0,2500.0,3.1153846153846154,3.0,1.5769230769230769,1.0,1.9615384615384615,2.0,1.1153846153846154,1.0,5.1680769230769235,5.105
881f0591bdfffff,25,994.0,1076.92,464.0,2127.0,4.36,5.0,2.16,2.0,2.32,2.0,1.3,1.0,5.2088,5.15
881f059a97fffff,25,752.0,864.36,150.0,2700.0,2.96,2.0,1.44,1.0,1.6,1.0,1.12,1.0,5.4464,5.45
881f058327fffff,24,1079.0,1166.9166666666667,296.0,2096.0,4.125,4.0,1.9583333333333333,2.0,2.375,2.0,1.1458333333333333,1.0,3.8341666666666665,3.84
881f058345fffff,24,1002.0,1161.0833333333333,381.0,2700.0,4.041666666666667,4.0,2.0,1.5,2.5,2.0,1.2708333333333333,1.0,4.3375,4.245
881f0581c9fffff,23,1500.0,1525.7826086956522,356.0,2600.0,5.739130434782608,5.0,2.782608695652174,3.0,3.652173913043478,3.0,1.4565217391304348,1.0,5.141304347826087,5.13
881f05811bfffff,23,1266.0,1492.4782608695652,468.0,2700.0,5.130434782608695,5.0,2.652173913043478,3.0,3.1739130434782608,3.0,1.5434782608695652,1.5,4.544782608695653,4.54
881f059197fffff,23,809.0,1125.5217391304348,405.0,2515.0,4.043478260869565,4.0,1.7826086956521738,1.0,1.9565217391304348,1.0,1.108695652173913,1.0,5.133913043478261,5.12
881f05835bfffff,22,899.5,983.4090909090909,695.0,1820.0,2.6818181818181817,2.0,1.2272727272727273,1.0,1.5,1.0,1.0227272727272727,1.0,3.1599999999999997,3.17
881f058223fffff,20,1422.5,1525.3,650.0,2800.0,3.3,3.0,1.5,1.0,1.9,1.5,1.1,1.0,2.9435000000000002,2.95
881f0598dbfffff,20,1109.0,1118.55,373.0,2786.0,4.1,4.0,2.2,2.0,2.2,2.0,1.3,1.0,4.9845,4.975
881f058361fffff,20,1089.5,1184.05,437.0,2666.0,3.75,3.0,2.0,2.0,2.0,2.0,1.2,1.0,4.6655,4.8
881f0591a1fffff,19,991.0,1136.6842105263158,502.0,2774.0,4.2631578947368425,4.0,2.3684210526315788,2.0,2.789473684210526,3.0,1.3157894736842106,1.0,5.988947368421052,5.97
881f059a91fffff,19,855.0,891.9473684210526,364.0,1550.0,3.8947368421052633,3.0,1.7894736842105263,1.0,2.0526315789473686,1.0,1.3421052631578947,1.0,5.942631578947368,5.81
881f059891fffff,18,1074.0,1267.2222222222222,450.0,2795.0,3.3333333333333335,3.5,1.6111111111111112,1.0,1.9444444444444444,2.0,1.25,1.0,5.4188888888888895,5.42
881f059adbfffff,18,816.0,914.8888888888889,238.0,1850.0,3.8333333333333335,4.0,2.111111111111111,2.0,2.1666666666666665,2.0,1.3611111111111112,1.0,7.456111111111111,7.465
881f059899fffff,18,809.5,972.4444444444445,320.0,2125.0,3.6666666666666665,3.0,1.9444444444444444,1.0,2.2777777777777777,1.5,1.3333333333333333,1.0,5.260555555555555,5.26
881f058131fffff,17,1200.0,1289.3529411764705,343.0,2708.0,3.176470588235294,3.0,1.6470588235294117,2.0,1.5294117647058822,1.0,1.088235294117647,1.0,6.5188235294117645,6.55
881f05804bfffff,16,1652.5,1619.75,560.0,2700.0,4.25,4.0,2.125,2.0,2.9375,3.0,1.0625,1.0,3.205625,3.19
881f059183fffff,15,1440.0,1364.6666666666667,352.0,2056.0,5.2,5.0,3.1333333333333333,4.0,3.3333333333333335,4.0,2.033333333333333,1.5,6.068,6.08
881f058111fffff,15,1300.0,1365.5333333333333,603.0,2300.0,4.866666666666666,5.0,2.8,3.0,3.3333333333333335,4.0,1.2333333333333334,1.0,4.801333333333333,4.8
881f058305fffff,15,1233.0,1280.4,800.0,2200.0,3.533333333333333,4.0,1.6666666666666667,1.0,1.8666666666666667,2.0,1.1,1.0,3.0973333333333333,3.11
881f059a99fffff,15,972.0,980.6666666666666,250.0,2266.0,4.133333333333334,4.0,1.9333333333333333,2.0,1.9333333333333333,1.0,1.2333333333333334,1.0,6.501333333333333,6.51
881f059193fffff,15,901.0,1067.9333333333334,520.0,2217.0,3.533333333333333,3.0,1.6666666666666667,2.0,2.3333333333333335,2.0,1.1,1.0,5.863333333333333,5.85
881f0598d1fffff,14,1143.5,1115.142857142857,393.0,1700.0,4.428571428571429,4.0,2.0714285714285716,2.0,2.142857142857143,2.0,1.3214285714285714,1.0,5.732142857142857,5.715
881f05826bfffff,14,1102.5,1351.857142857143,553.0,2529.0,3.4285714285714284,3.0,2.0,2.0,2.2142857142857144,2.0,1.3214285714285714,1.0,4.867142857142857,4.865
881f05815bfffff,14,1011.5,1173.142857142857,368.0,2280.0,4.071428571428571,4.0,1.7857142857142858,2.0,2.357142857142857,2.0,1.1071428571428572,1.0,2.6635714285714287,2.6500000000000004
881f0598d3fffff,14,999.0,1098.9285714285713,473.0,2096.0,4.785714285714286,5.5,2.5,3.0,3.5714285714285716,3.0,1.3928571428571428,1.0,5.1621428571428565,5.16
881f0591bbfffff,13,1331.0,1364.076923076923,584.0,2397.0,5.384615384615385,6.0,2.5384615384615383,2.0,2.769230769230769,2.0,1.2307692307692308,1.0,5.053846153846154,5.08
881f059195fffff,13,1058.0,1211.7692307692307,302.0,2412.0,4.461538461538462,4.0,2.3076923076923075,2.0,2.1538461538461537,2.0,1.3846153846153846,1.0,5.6376923076923084,5.65
881f059ad3fffff,13,861.0,1017.0769230769231,150.0,2074.0,4.230769230769231,4.0,2.076923076923077,2.0,2.6153846153846154,2.0,1.3076923076923077,1.0,7.014615384615384,7.0
881f058227fffff,12,1946.5,1799.6666666666667,825.0,2500.0,4.416666666666667,4.5,2.1666666666666665,2.0,2.5,2.5,1.0416666666666667,1.0,2.6125000000000003,2.665
881f058115fffff,12,1163.0,1225.6666666666667,450.0,2520.0,4.166666666666667,4.0,2.1666666666666665,2.0,2.9166666666666665,2.5,1.25,1.0,5.168333333333334,5.12
881f058323fffff,11,1449.0,1495.1818181818182,773.0,2660.0,3.5454545454545454,4.0,1.6363636363636365,2.0,1.8181818181818181,2.0,1.0909090909090908,1.0,2.694545454545455,2.6
881f058145fffff,11,952.0,1029.909090909091,702.0,1646.0,3.909090909090909,4.0,2.090909090909091,2.0,2.909090909090909,3.0,1.1818181818181819,1.0,4.3536363636363635,4.35
881f0591b3fffff,11,892.0,851.7272727272727,405.0,1425.0,2.5454545454545454,2.0,1.2727272727272727,1.0,1.2727272727272727,1.0,1.0,1.0,4.134545454545455,4.15
881f059ad1fffff,11,540.0,738.8181818181819,255.0,2500.0,3.3636363636363638,2.0,1.4545454545454546,1.0,2.0,1.0,1.1363636363636365,1.0,7.6463636363636365,7.65
881f0598d9fffff,9,1305.0,1416.0,514.0,2700.0,4.555555555555555,5.0,2.5555555555555554,3.0,3.111111111111111,3.0,1.3333333333333333,1.5,5.601111111111112,5.62
881f0591abfffff,9,1125.0,1207.5555555555557,468.0,2482.0,4.333333333333333,5.0,2.3333333333333335,3.0,2.2222222222222223,1.0,1.5555555555555556,1.0,5.696666666666667,5.7
881f0591adfffff,9,760.0,782.6666666666666,224.0,1200.0,4.222222222222222,3.0,1.6666666666666667,1.0,2.2222222222222223,2.0,0.8888888888888888,1.0,6.726666666666667,6.83
881f058245fffff,8,1771.5,1540.75,441.0,2340.0,4.0,4.0,2.0,1.5,2.5,2.5,1.25,1.0,5.72375,5.8149999999999995
881f058147fffff,8,1543.5,1443.375,519.0,2731.0,3.75,3.5,2.0,2.0,2.5,2.5,1.0625,1.0,4.30875,4.335
881f05826dfffff,8,949.0,1058.0,263.0,2568.0,3.375,3.0,1.625,1.0,1.75,1.5,0.875,1.0,4.615,4.655
881f058049fffff,8,823.0,840.875,666.0,1158.0,2.25,2.0,1.0,1.0,1.375,1.0,2.875,4.0,3.13875,3.145
881f058349fffff,8,720.0,845.0,479.0,1644.0,3.25,3.0,1.875,1.5,1.875,1.0,1.1875,1.0,4.62375,4.635
881f058269fffff,7,719.0,1089.857142857143,591.0,2335.0,2.857142857142857,2.0,1.2857142857142858,1.0,1.2857142857142858,1.0,1.0,1.0,5.078571428571428,5.03
881f058047fffff,6,1576.5,1599.1666666666667,1061.0,2208.0,4.166666666666667,4.5,1.6666666666666667,1.5,1.6666666666666667,2.0,1.0,1.0,2.4616666666666664,2.36
881f058109fffff,5,1215.0,1193.8,686.0,1809.0,3.4,2.0,1.4,1.0,1.2,1.0,1.1,1.0,4.014,4.01
881f059a9dfffff,5,1200.0,1263.4,1004.0,1616.0,5.0,5.0,3.2,3.0,3.8,4.0,1.5,1.5,6.609999999999999,6.53
881f059ad7fffff,5,720.0,1024.8,450.0,2136.0,3.2,3.0,1.8,2.0,2.6,2.0,1.0,1.0,7.006,7.02
881f058043fffff,4,1380.0,1286.0,810.0,1574.0,3.0,3.0,2.0,2.0,2.0,1.5,1.0,1.0,3.1350000000000002,3.13
881f059a95fffff,4,1328.0,1340.75,1223.0,1484.0,5.75,6.0,3.25,3.0,4.75,4.5,2.25,2.0,6.26,6.265000000000001
881f0591b9fffff,4,895.5,1133.75,644.0,2100.0,4.25,3.5,1.75,1.5,2.0,2.0,1.25,1.0,5.6125,5.62
881f05989dfffff,4,875.5,888.25,801.0,1001.0,4.5,4.0,1.5,1.0,2.0,2.0,1.0,1.0,5.7175,5.720000000000001
881f0591e7fffff,4,835.0,757.75,399.0,962.0,3.25,3.0,1.75,1.5,1.5,1.5,1.25,1.0,7.3325,7.29
881f0591a9fffff,4,540.5,562.75,405.0,765.0,3.5,3.5,1.5,1.0,2.0,1.5,1.0,1.0,6.8775,6.905
881f0591e5fffff,3,1377.0,1221.0,576.0,1710.0,5.333333333333333,6.0,1.6666666666666667,2.0,3.6666666666666665,4.0,1.1666666666666667,1.0,8.033333333333333,8.03
881f0591e3fffff,3,632.0,667.3333333333334,360.0,1010.0,3.0,3.0,1.3333333333333333,1.0,1.3333333333333333,1.0,1.0,1.0,7.173333333333333,7.16
881f058157fffff,3,473.0,498.6666666666667,438.0,585.0,2.0,2.0,0.6666666666666666,1.0,0.6666666666666666,1.0,1.3333333333333333,1.0,4.003333333333333,4.09
881f0581cdfffff,2,2383.0,2383.0,2180.0,2586.0,7.0,7.0,3.5,3.5,5.0,5.0,1.5,1.5,5.140000000000001,5.140000000000001
881f059abbfffff,2,1476.0,1476.0,952.0,2000.0,5.5,5.5,3.5,3.5,3.5,3.5,1.5,1.5,5.955,5.955
881f05989bfffff,2,700.5,700.5,545.0,856.0,1.5,1.5,1.0,1.0,1.0,1.0,1.0,1.0,4.715,4.715
881f0598d7fffff,2,613.5,613.5,400.0,827.0,2.5,2.5,1.5,1.5,2.0,2.0,1.0,1.0,5.695,5.695
881f05810bfffff,2,587.5,587.5,548.0,627.0,2.0,2.0,1.0,1.0,1.0,1.0,1.25,1.25,4.46,4.46
881f058235fffff,1,2727.0,2727.0,2727.0,2727.0,6.0,6.0,3.0,3.0,3.0,3.0,2.0,2.0,3.63,3.63
881f059187fffff,1,1668.0,1668.0,1668.0,1668.0,8.0,8.0,4.0,4.0,3.0,3.0,2.0,2.0,6.0,6.0
881f058207fffff,1,891.0,891.0,891.0,891.0,2.0,2.0,1.0,1.0,1.0,1.0,1.0,1.0,4.25,4.25
